common_name,scientific_name,Download_link,xc_id,scientific_name_id,local_spectrogram_path
Cinereous Tinamou,Crypturellus cinereus,https://xeno-canto.org/755297/download,XC755297,0,/workspaces/Multimodedal-Bird-Intellegence-System/data/processed_spectrograms/XC755297.npy
Cinereous Tinamou,Crypturellus cinereus,https://xeno-canto.org/755087/download,XC755087,0,/workspaces/Multimodedal-Bird-Intellegence-System/data/processed_spectrograms/XC755087.npy
Cinereous Tinamou,Crypturellus cinereus,https://xeno-canto.org/748492/download,XC748492,0,/workspaces/Multimodedal-Bird-Intellegence-System/data/processed_spectrograms/XC748492.npy
Cinereous Tinamou,Crypturellus cinereus,https://xeno-canto.org/743526/download,XC743526,0,/workspaces/Multimodedal-Bird-Intellegence-System/data/processed_spectrograms/XC743526.npy
Cinereous Tinamou,Crypturellus cinereus,https://xeno-canto.org/698654/download,XC698654,0,/workspaces/Multimodedal-Bird-Intellegence-System/data/processed_spectrograms/XC698654.npy
Cinereous Tinamou,Crypturellus cinereus,https://xeno-canto.org/694205/download,XC694205,0,/workspaces/Multimodedal-Bird-Intellegence-System/data/processed_spectrograms/XC694205.npy
Cinereous Tinamou,Crypturellus cinereus,https://xeno-canto.org/687236/download,XC687236,0,/workspaces/Multimodedal-Bird-Intellegence-System/data/processed_spectrograms/XC687236.npy
Cinereous Tinamou,Crypturellus cinereus,https://xeno-canto.org/683512/download,XC683512,0,/workspaces/Multimodedal-Bird-Intellegence-System/data/processed_spectrograms/XC683512.npy
Cinereous Tinamou,Crypturellus cinereus,https://xeno-canto.org/676249/download,XC676249,0,/workspaces/Multimodedal-Bird-Intellegence-System/data/processed_spectrograms/XC676249.npy
Cinereous Tinamou,Crypturellus cinereus,https://xeno-canto.org/649047/download,XC649047,0,/workspaces/Multimodedal-Bird-Intellegence-System/data/processed_spectrograms/XC649047.npy
Cinereous Tinamou,Crypturellus cinereus,https://xeno-canto.org/642569/download,XC642569,0,/workspaces/Multimodedal-Bird-Intellegence-System/data/processed_spectrograms/XC642569.npy
Cinereous Tinamou,Crypturellus cinereus,https://xeno-canto.org/639880/download,XC639880,0,/workspaces/Multimodedal-Bird-Intellegence-System/data/processed_spectrograms/XC639880.npy
Cinereous Tinamou,Crypturellus cinereus,https://xeno-canto.org/616210/download,XC616210,0,/workspaces/Multimodedal-Bird-Intellegence-System/data/processed_spectrograms/XC616210.npy
Cinereous Tinamou,Crypturellus cinereus,https://xeno-canto.org/609167/download,XC609167,0,/workspaces/Multimodedal-Bird-Intellegence-System/data/processed_spectrograms/XC609167.npy
Cinereous Tinamou,Crypturellus cinereus,https://xeno-canto.org/574867/download,XC574867,0,/workspaces/Multimodedal-Bird-Intellegence-System/data/processed_spectrograms/XC574867.npy
Cinereous Tinamou,Crypturellus cinereus,https://xeno-canto.org/463658/download,XC463658,0,/workspaces/Multimodedal-Bird-Intellegence-System/data/processed_spectrograms/XC463658.npy
Cinereous Tinamou,Crypturellus cinereus,https://xeno-canto.org/456284/download,XC456284,0,/workspaces/Multimodedal-Bird-Intellegence-System/data/processed_spectrograms/XC456284.npy
Cinereous Tinamou,Crypturellus cinereus,https://xeno-canto.org/453540/download,XC453540,0,/workspaces/Multimodedal-Bird-Intellegence-System/data/processed_spectrograms/XC453540.npy
Cinereous Tinamou,Crypturellus cinereus,https://xeno-canto.org/452850/download,XC452850,0,/workspaces/Multimodedal-Bird-Intellegence-System/data/processed_spectrograms/XC452850.npy
Cinereous Tinamou,Crypturellus cinereus,https://xeno-canto.org/450786/download,XC450786,0,/workspaces/Multimodedal-Bird-Intellegence-System/data/processed_spectrograms/XC450786.npy
Cinereous Tinamou,Crypturellus cinereus,https://xeno-canto.org/446610/download,XC446610,0,/workspaces/Multimodedal-Bird-Intellegence-System/data/processed_spectrograms/XC446610.npy
Cinereous Tinamou,Crypturellus cinereus,https://xeno-canto.org/441107/download,XC441107,0,/workspaces/Multimodedal-Bird-Intellegence-System/data/processed_spectrograms/XC441107.npy
Cinereous Tinamou,Crypturellus cinereus,https://xeno-canto.org/424163/download,XC424163,0,/workspaces/Multimodedal-Bird-Intellegence-System/data/processed_spectrograms/XC424163.npy
Cinereous Tinamou,Crypturellus cinereus,https://xeno-canto.org/411906/download,XC411906,0,/workspaces/Multimodedal-Bird-Intellegence-System/data/processed_spectrograms/XC411906.npy
Cinereous Tinamou,Crypturellus cinereus,https://xeno-canto.org/401264/download,XC401264,0,/workspaces/Multimodedal-Bird-Intellegence-System/data/processed_spectrograms/XC401264.npy
Cinereous Tinamou,Crypturellus cinereus,https://xeno-canto.org/391377/download,XC391377,0,/workspaces/Multimodedal-Bird-Intellegence-System/data/processed_spectrograms/XC391377.npy
Cinereous Tinamou,Crypturellus cinereus,https://xeno-canto.org/387680/download,XC387680,0,/workspaces/Multimodedal-Bird-Intellegence-System/data/processed_spectrograms/XC387680.npy
Cinereous Tinamou,Crypturellus cinereus,https://xeno-canto.org/333417/download,XC333417,0,/workspaces/Multimodedal-Bird-Intellegence-System/data/processed_spectrograms/XC333417.npy
Cinereous Tinamou,Crypturellus cinereus,https://xeno-canto.org/333322/download,XC333322,0,/workspaces/Multimodedal-Bird-Intellegence-System/data/processed_spectrograms/XC333322.npy
Cinereous Tinamou,Crypturellus cinereus,https://xeno-canto.org/329091/download,XC329091,0,/workspaces/Multimodedal-Bird-Intellegence-System/data/processed_spectrograms/XC329091.npy
Tawny-breasted Tinamou,Nothocercus julius,https://xeno-canto.org/733965/download,XC733965,1,/workspaces/Multimodedal-Bird-Intellegence-System/data/processed_spectrograms/XC733965.npy
Tawny-breasted Tinamou,Nothocercus julius,https://xeno-canto.org/670079/download,XC670079,1,/workspaces/Multimodedal-Bird-Intellegence-System/data/processed_spectrograms/XC670079.npy
Tawny-breasted Tinamou,Nothocercus julius,https://xeno-canto.org/670077/download,XC670077,1,/workspaces/Multimodedal-Bird-Intellegence-System/data/processed_spectrograms/XC670077.npy
Tawny-breasted Tinamou,Nothocercus julius,https://xeno-canto.org/609645/download,XC609645,1,/workspaces/Multimodedal-Bird-Intellegence-System/data/processed_spectrograms/XC609645.npy
Tawny-breasted Tinamou,Nothocercus julius,https://xeno-canto.org/119754/download,XC119754,1,/workspaces/Multimodedal-Bird-Intellegence-System/data/processed_spectrograms/XC119754.npy
Tawny-breasted Tinamou,Nothocercus julius,https://xeno-canto.org/119753/download,XC119753,1,/workspaces/Multimodedal-Bird-Intellegence-System/data/processed_spectrograms/XC119753.npy
Tawny-breasted Tinamou,Nothocercus julius,https://xeno-canto.org/119752/download,XC119752,1,/workspaces/Multimodedal-Bird-Intellegence-System/data/processed_spectrograms/XC119752.npy
Tawny-breasted Tinamou,Nothocercus julius,https://xeno-canto.org/44953/download,XC44953,1,/workspaces/Multimodedal-Bird-Intellegence-System/data/processed_spectrograms/XC44953.npy
Tawny-breasted Tinamou,Nothocercus julius,https://xeno-canto.org/581276/download,XC581276,1,/workspaces/Multimodedal-Bird-Intellegence-System/data/processed_spectrograms/XC581276.npy
Tawny-breasted Tinamou,Nothocercus julius,https://xeno-canto.org/522227/download,XC522227,1,/workspaces/Multimodedal-Bird-Intellegence-System/data/processed_spectrograms/XC522227.npy
Tawny-breasted Tinamou,Nothocercus julius,https://xeno-canto.org/515377/download,XC515377,1,/workspaces/Multimodedal-Bird-Intellegence-System/data/processed_spectrograms/XC515377.npy
Tawny-breasted Tinamou,Nothocercus julius,https://xeno-canto.org/500971/download,XC500971,1,/workspaces/Multimodedal-Bird-Intellegence-System/data/processed_spectrograms/XC500971.npy
Tawny-breasted Tinamou,Nothocercus julius,https://xeno-canto.org/327123/download,XC327123,1,/workspaces/Multimodedal-Bird-Intellegence-System/data/processed_spectrograms/XC327123.npy
Tawny-breasted Tinamou,Nothocercus julius,https://xeno-canto.org/315061/download,XC315061,1,/workspaces/Multimodedal-Bird-Intellegence-System/data/processed_spectrograms/XC315061.npy
Tawny-breasted Tinamou,Nothocercus julius,https://xeno-canto.org/276293/download,XC276293,1,/workspaces/Multimodedal-Bird-Intellegence-System/data/processed_spectrograms/XC276293.npy
Tawny-breasted Tinamou,Nothocercus julius,https://xeno-canto.org/262859/download,XC262859,1,/workspaces/Multimodedal-Bird-Intellegence-System/data/processed_spectrograms/XC262859.npy
Tawny-breasted Tinamou,Nothocercus julius,https://xeno-canto.org/238667/download,XC238667,1,/workspaces/Multimodedal-Bird-Intellegence-System/data/processed_spectrograms/XC238667.npy
Tawny-breasted Tinamou,Nothocercus julius,https://xeno-canto.org/238666/download,XC238666,1,/workspaces/Multimodedal-Bird-Intellegence-System/data/processed_spectrograms/XC238666.npy
Tawny-breasted Tinamou,Nothocercus julius,https://xeno-canto.org/238665/download,XC238665,1,/workspaces/Multimodedal-Bird-Intellegence-System/data/processed_spectrograms/XC238665.npy
Tawny-breasted Tinamou,Nothocercus julius,https://xeno-canto.org/236629/download,XC236629,1,/workspaces/Multimodedal-Bird-Intellegence-System/data/processed_spectrograms/XC236629.npy
Tawny-breasted Tinamou,Nothocercus julius,https://xeno-canto.org/226703/download,XC226703,1,/workspaces/Multimodedal-Bird-Intellegence-System/data/processed_spectrograms/XC226703.npy
Tawny-breasted Tinamou,Nothocercus julius,https://xeno-canto.org/143840/download,XC143840,1,/workspaces/Multimodedal-Bird-Intellegence-System/data/processed_spectrograms/XC143840.npy
Tawny-breasted Tinamou,Nothocercus julius,https://xeno-canto.org/117875/download,XC117875,1,/workspaces/Multimodedal-Bird-Intellegence-System/data/processed_spectrograms/XC117875.npy
Tawny-breasted Tinamou,Nothocercus julius,https://xeno-canto.org/117867/download,XC117867,1,/workspaces/Multimodedal-Bird-Intellegence-System/data/processed_spectrograms/XC117867.npy
Tawny-breasted Tinamou,Nothocercus julius,https://xeno-canto.org/117866/download,XC117866,1,/workspaces/Multimodedal-Bird-Intellegence-System/data/processed_spectrograms/XC117866.npy
Tawny-breasted Tinamou,Nothocercus julius,https://xeno-canto.org/117585/download,XC117585,1,/workspaces/Multimodedal-Bird-Intellegence-System/data/processed_spectrograms/XC117585.npy
Tawny-breasted Tinamou,Nothocercus julius,https://xeno-canto.org/9837/download,XC9837,1,/workspaces/Multimodedal-Bird-Intellegence-System/data/processed_spectrograms/XC9837.npy
Tawny-breasted Tinamou,Nothocercus julius,https://xeno-canto.org/6881/download,XC6881,1,/workspaces/Multimodedal-Bird-Intellegence-System/data/processed_spectrograms/XC6881.npy
Tawny-breasted Tinamou,Nothocercus julius,https://xeno-canto.org/706582/download,XC706582,1,/workspaces/Multimodedal-Bird-Intellegence-System/data/processed_spectrograms/XC706582.npy
Tawny-breasted Tinamou,Nothocercus julius,https://xeno-canto.org/551205/download,XC551205,1,/workspaces/Multimodedal-Bird-Intellegence-System/data/processed_spectrograms/XC551205.npy
White-throated Tinamou,Tinamus guttatus,https://xeno-canto.org/621782/download,XC621782,2,/workspaces/Multimodedal-Bird-Intellegence-System/data/processed_spectrograms/XC621782.npy
White-throated Tinamou,Tinamus guttatus,https://xeno-canto.org/643008/download,XC643008,2,/workspaces/Multimodedal-Bird-Intellegence-System/data/processed_spectrograms/XC643008.npy
White-throated Tinamou,Tinamus guttatus,https://xeno-canto.org/536652/download,XC536652,2,/workspaces/Multimodedal-Bird-Intellegence-System/data/processed_spectrograms/XC536652.npy
White-throated Tinamou,Tinamus guttatus,https://xeno-canto.org/497452/download,XC497452,2,/workspaces/Multimodedal-Bird-Intellegence-System/data/processed_spectrograms/XC497452.npy
White-throated Tinamou,Tinamus guttatus,https://xeno-canto.org/482164/download,XC482164,2,/workspaces/Multimodedal-Bird-Intellegence-System/data/processed_spectrograms/XC482164.npy
White-throated Tinamou,Tinamus guttatus,https://xeno-canto.org/453694/download,XC453694,2,/workspaces/Multimodedal-Bird-Intellegence-System/data/processed_spectrograms/XC453694.npy
White-throated Tinamou,Tinamus guttatus,https://xeno-canto.org/428089/download,XC428089,2,/workspaces/Multimodedal-Bird-Intellegence-System/data/processed_spectrograms/XC428089.npy
White-throated Tinamou,Tinamus guttatus,https://xeno-canto.org/400646/download,XC400646,2,/workspaces/Multimodedal-Bird-Intellegence-System/data/processed_spectrograms/XC400646.npy
White-throated Tinamou,Tinamus guttatus,https://xeno-canto.org/395953/download,XC395953,2,/workspaces/Multimodedal-Bird-Intellegence-System/data/processed_spectrograms/XC395953.npy
White-throated Tinamou,Tinamus guttatus,https://xeno-canto.org/395757/download,XC395757,2,/workspaces/Multimodedal-Bird-Intellegence-System/data/processed_spectrograms/XC395757.npy
White-throated Tinamou,Tinamus guttatus,https://xeno-canto.org/270977/download,XC270977,2,/workspaces/Multimodedal-Bird-Intellegence-System/data/processed_spectrograms/XC270977.npy
White-throated Tinamou,Tinamus guttatus,https://xeno-canto.org/264358/download,XC264358,2,/workspaces/Multimodedal-Bird-Intellegence-System/data/processed_spectrograms/XC264358.npy
White-throated Tinamou,Tinamus guttatus,https://xeno-canto.org/239087/download,XC239087,2,/workspaces/Multimodedal-Bird-Intellegence-System/data/processed_spectrograms/XC239087.npy
White-throated Tinamou,Tinamus guttatus,https://xeno-canto.org/231228/download,XC231228,2,/workspaces/Multimodedal-Bird-Intellegence-System/data/processed_spectrograms/XC231228.npy
White-throated Tinamou,Tinamus guttatus,https://xeno-canto.org/212996/download,XC212996,2,/workspaces/Multimodedal-Bird-Intellegence-System/data/processed_spectrograms/XC212996.npy
White-throated Tinamou,Tinamus guttatus,https://xeno-canto.org/117970/download,XC117970,2,/workspaces/Multimodedal-Bird-Intellegence-System/data/processed_spectrograms/XC117970.npy
White-throated Tinamou,Tinamus guttatus,https://xeno-canto.org/117391/download,XC117391,2,/workspaces/Multimodedal-Bird-Intellegence-System/data/processed_spectrograms/XC117391.npy
White-throated Tinamou,Tinamus guttatus,https://xeno-canto.org/117390/download,XC117390,2,/workspaces/Multimodedal-Bird-Intellegence-System/data/processed_spectrograms/XC117390.npy
White-throated Tinamou,Tinamus guttatus,https://xeno-canto.org/117377/download,XC117377,2,/workspaces/Multimodedal-Bird-Intellegence-System/data/processed_spectrograms/XC117377.npy
White-throated Tinamou,Tinamus guttatus,https://xeno-canto.org/117341/download,XC117341,2,/workspaces/Multimodedal-Bird-Intellegence-System/data/processed_spectrograms/XC117341.npy
White-throated Tinamou,Tinamus guttatus,https://xeno-canto.org/85441/download,XC85441,2,/workspaces/Multimodedal-Bird-Intellegence-System/data/processed_spectrograms/XC85441.npy
White-throated Tinamou,Tinamus guttatus,https://xeno-canto.org/66682/download,XC66682,2,/workspaces/Multimodedal-Bird-Intellegence-System/data/processed_spectrograms/XC66682.npy
White-throated Tinamou,Tinamus guttatus,https://xeno-canto.org/38734/download,XC38734,2,/workspaces/Multimodedal-Bird-Intellegence-System/data/processed_spectrograms/XC38734.npy
White-throated Tinamou,Tinamus guttatus,https://xeno-canto.org/3735/download,XC3735,2,/workspaces/Multimodedal-Bird-Intellegence-System/data/processed_spectrograms/XC3735.npy
White-throated Tinamou,Tinamus guttatus,https://xeno-canto.org/482184/download,XC482184,2,/workspaces/Multimodedal-Bird-Intellegence-System/data/processed_spectrograms/XC482184.npy
White-throated Tinamou,Tinamus guttatus,https://xeno-canto.org/482162/download,XC482162,2,/workspaces/Multimodedal-Bird-Intellegence-System/data/processed_spectrograms/XC482162.npy
White-throated Tinamou,Tinamus guttatus,https://xeno-canto.org/482161/download,XC482161,2,/workspaces/Multimodedal-Bird-Intellegence-System/data/processed_spectrograms/XC482161.npy
White-throated Tinamou,Tinamus guttatus,https://xeno-canto.org/231230/download,XC231230,2,/workspaces/Multimodedal-Bird-Intellegence-System/data/processed_spectrograms/XC231230.npy
White-throated Tinamou,Tinamus guttatus,https://xeno-canto.org/231229/download,XC231229,2,/workspaces/Multimodedal-Bird-Intellegence-System/data/processed_spectrograms/XC231229.npy
White-throated Tinamou,Tinamus guttatus,https://xeno-canto.org/212849/download,XC212849,2,/workspaces/Multimodedal-Bird-Intellegence-System/data/processed_spectrograms/XC212849.npy
Bartlett's Tinamou,Crypturellus bartletti,https://xeno-canto.org/484096/download,XC484096,3,/workspaces/Multimodedal-Bird-Intellegence-System/data/processed_spectrograms/XC484096.npy
Bartlett's Tinamou,Crypturellus bartletti,https://xeno-canto.org/474810/download,XC474810,3,/workspaces/Multimodedal-Bird-Intellegence-System/data/processed_spectrograms/XC474810.npy
Bartlett's Tinamou,Crypturellus bartletti,https://xeno-canto.org/270669/download,XC270669,3,/workspaces/Multimodedal-Bird-Intellegence-System/data/processed_spectrograms/XC270669.npy
Bartlett's Tinamou,Crypturellus bartletti,https://xeno-canto.org/264359/download,XC264359,3,/workspaces/Multimodedal-Bird-Intellegence-System/data/processed_spectrograms/XC264359.npy
Bartlett's Tinamou,Crypturellus bartletti,https://xeno-canto.org/257249/download,XC257249,3,/workspaces/Multimodedal-Bird-Intellegence-System/data/processed_spectrograms/XC257249.npy
Bartlett's Tinamou,Crypturellus bartletti,https://xeno-canto.org/207889/download,XC207889,3,/workspaces/Multimodedal-Bird-Intellegence-System/data/processed_spectrograms/XC207889.npy
Bartlett's Tinamou,Crypturellus bartletti,https://xeno-canto.org/191743/download,XC191743,3,/workspaces/Multimodedal-Bird-Intellegence-System/data/processed_spectrograms/XC191743.npy
Bartlett's Tinamou,Crypturellus bartletti,https://xeno-canto.org/122664/download,XC122664,3,/workspaces/Multimodedal-Bird-Intellegence-System/data/processed_spectrograms/XC122664.npy
Bartlett's Tinamou,Crypturellus bartletti,https://xeno-canto.org/75994/download,XC75994,3,/workspaces/Multimodedal-Bird-Intellegence-System/data/processed_spectrograms/XC75994.npy
Bartlett's Tinamou,Crypturellus bartletti,https://xeno-canto.org/75993/download,XC75993,3,/workspaces/Multimodedal-Bird-Intellegence-System/data/processed_spectrograms/XC75993.npy
Bartlett's Tinamou,Crypturellus bartletti,https://xeno-canto.org/73473/download,XC73473,3,/workspaces/Multimodedal-Bird-Intellegence-System/data/processed_spectrograms/XC73473.npy
Bartlett's Tinamou,Crypturellus bartletti,https://xeno-canto.org/63322/download,XC63322,3,/workspaces/Multimodedal-Bird-Intellegence-System/data/processed_spectrograms/XC63322.npy
Bartlett's Tinamou,Crypturellus bartletti,https://xeno-canto.org/63321/download,XC63321,3,/workspaces/Multimodedal-Bird-Intellegence-System/data/processed_spectrograms/XC63321.npy
Bartlett's Tinamou,Crypturellus bartletti,https://xeno-canto.org/547133/download,XC547133,3,/workspaces/Multimodedal-Bird-Intellegence-System/data/processed_spectrograms/XC547133.npy
Bartlett's Tinamou,Crypturellus bartletti,https://xeno-canto.org/535972/download,XC535972,3,/workspaces/Multimodedal-Bird-Intellegence-System/data/processed_spectrograms/XC535972.npy
Bartlett's Tinamou,Crypturellus bartletti,https://xeno-canto.org/535964/download,XC535964,3,/workspaces/Multimodedal-Bird-Intellegence-System/data/processed_spectrograms/XC535964.npy
Bartlett's Tinamou,Crypturellus bartletti,https://xeno-canto.org/501696/download,XC501696,3,/workspaces/Multimodedal-Bird-Intellegence-System/data/processed_spectrograms/XC501696.npy
Bartlett's Tinamou,Crypturellus bartletti,https://xeno-canto.org/475738/download,XC475738,3,/workspaces/Multimodedal-Bird-Intellegence-System/data/processed_spectrograms/XC475738.npy
Bartlett's Tinamou,Crypturellus bartletti,https://xeno-canto.org/416310/download,XC416310,3,/workspaces/Multimodedal-Bird-Intellegence-System/data/processed_spectrograms/XC416310.npy
Bartlett's Tinamou,Crypturellus bartletti,https://xeno-canto.org/257250/download,XC257250,3,/workspaces/Multimodedal-Bird-Intellegence-System/data/processed_spectrograms/XC257250.npy
Bartlett's Tinamou,Crypturellus bartletti,https://xeno-canto.org/221804/download,XC221804,3,/workspaces/Multimodedal-Bird-Intellegence-System/data/processed_spectrograms/XC221804.npy
Bartlett's Tinamou,Crypturellus bartletti,https://xeno-canto.org/221803/download,XC221803,3,/workspaces/Multimodedal-Bird-Intellegence-System/data/processed_spectrograms/XC221803.npy
Bartlett's Tinamou,Crypturellus bartletti,https://xeno-canto.org/212362/download,XC212362,3,/workspaces/Multimodedal-Bird-Intellegence-System/data/processed_spectrograms/XC212362.npy
Bartlett's Tinamou,Crypturellus bartletti,https://xeno-canto.org/211177/download,XC211177,3,/workspaces/Multimodedal-Bird-Intellegence-System/data/processed_spectrograms/XC211177.npy
Bartlett's Tinamou,Crypturellus bartletti,https://xeno-canto.org/191359/download,XC191359,3,/workspaces/Multimodedal-Bird-Intellegence-System/data/processed_spectrograms/XC191359.npy
Bartlett's Tinamou,Crypturellus bartletti,https://xeno-canto.org/158359/download,XC158359,3,/workspaces/Multimodedal-Bird-Intellegence-System/data/processed_spectrograms/XC158359.npy
Bartlett's Tinamou,Crypturellus bartletti,https://xeno-canto.org/142174/download,XC142174,3,/workspaces/Multimodedal-Bird-Intellegence-System/data/processed_spectrograms/XC142174.npy
Bartlett's Tinamou,Crypturellus bartletti,https://xeno-canto.org/123340/download,XC123340,3,/workspaces/Multimodedal-Bird-Intellegence-System/data/processed_spectrograms/XC123340.npy
Bartlett's Tinamou,Crypturellus bartletti,https://xeno-canto.org/66597/download,XC66597,3,/workspaces/Multimodedal-Bird-Intellegence-System/data/processed_spectrograms/XC66597.npy
Bartlett's Tinamou,Crypturellus bartletti,https://xeno-canto.org/66596/download,XC66596,3,/workspaces/Multimodedal-Bird-Intellegence-System/data/processed_spectrograms/XC66596.npy
Small-billed Tinamou,Crypturellus parvirostris,https://xeno-canto.org/470891/download,XC470891,4,/workspaces/Multimodedal-Bird-Intellegence-System/data/processed_spectrograms/XC470891.npy
Small-billed Tinamou,Crypturellus parvirostris,https://xeno-canto.org/737386/download,XC737386,4,/workspaces/Multimodedal-Bird-Intellegence-System/data/processed_spectrograms/XC737386.npy
Small-billed Tinamou,Crypturellus parvirostris,https://xeno-canto.org/717552/download,XC717552,4,/workspaces/Multimodedal-Bird-Intellegence-System/data/processed_spectrograms/XC717552.npy
Small-billed Tinamou,Crypturellus parvirostris,https://xeno-canto.org/706977/download,XC706977,4,/workspaces/Multimodedal-Bird-Intellegence-System/data/processed_spectrograms/XC706977.npy
Small-billed Tinamou,Crypturellus parvirostris,https://xeno-canto.org/706091/download,XC706091,4,/workspaces/Multimodedal-Bird-Intellegence-System/data/processed_spectrograms/XC706091.npy
Small-billed Tinamou,Crypturellus parvirostris,https://xeno-canto.org/704661/download,XC704661,4,/workspaces/Multimodedal-Bird-Intellegence-System/data/processed_spectrograms/XC704661.npy
Small-billed Tinamou,Crypturellus parvirostris,https://xeno-canto.org/704575/download,XC704575,4,/workspaces/Multimodedal-Bird-Intellegence-System/data/processed_spectrograms/XC704575.npy
Small-billed Tinamou,Crypturellus parvirostris,https://xeno-canto.org/704331/download,XC704331,4,/workspaces/Multimodedal-Bird-Intellegence-System/data/processed_spectrograms/XC704331.npy
Small-billed Tinamou,Crypturellus parvirostris,https://xeno-canto.org/704330/download,XC704330,4,/workspaces/Multimodedal-Bird-Intellegence-System/data/processed_spectrograms/XC704330.npy
Small-billed Tinamou,Crypturellus parvirostris,https://xeno-canto.org/704328/download,XC704328,4,/workspaces/Multimodedal-Bird-Intellegence-System/data/processed_spectrograms/XC704328.npy
Small-billed Tinamou,Crypturellus parvirostris,https://xeno-canto.org/698670/download,XC698670,4,/workspaces/Multimodedal-Bird-Intellegence-System/data/processed_spectrograms/XC698670.npy
Small-billed Tinamou,Crypturellus parvirostris,https://xeno-canto.org/682516/download,XC682516,4,/workspaces/Multimodedal-Bird-Intellegence-System/data/processed_spectrograms/XC682516.npy
Small-billed Tinamou,Crypturellus parvirostris,https://xeno-canto.org/655058/download,XC655058,4,/workspaces/Multimodedal-Bird-Intellegence-System/data/processed_spectrograms/XC655058.npy
Small-billed Tinamou,Crypturellus parvirostris,https://xeno-canto.org/654806/download,XC654806,4,/workspaces/Multimodedal-Bird-Intellegence-System/data/processed_spectrograms/XC654806.npy
Small-billed Tinamou,Crypturellus parvirostris,https://xeno-canto.org/654572/download,XC654572,4,/workspaces/Multimodedal-Bird-Intellegence-System/data/processed_spectrograms/XC654572.npy
Small-billed Tinamou,Crypturellus parvirostris,https://xeno-canto.org/471053/download,XC471053,4,/workspaces/Multimodedal-Bird-Intellegence-System/data/processed_spectrograms/XC471053.npy
Small-billed Tinamou,Crypturellus parvirostris,https://xeno-canto.org/448635/download,XC448635,4,/workspaces/Multimodedal-Bird-Intellegence-System/data/processed_spectrograms/XC448635.npy
Small-billed Tinamou,Crypturellus parvirostris,https://xeno-canto.org/442163/download,XC442163,4,/workspaces/Multimodedal-Bird-Intellegence-System/data/processed_spectrograms/XC442163.npy
Small-billed Tinamou,Crypturellus parvirostris,https://xeno-canto.org/427712/download,XC427712,4,/workspaces/Multimodedal-Bird-Intellegence-System/data/processed_spectrograms/XC427712.npy
Small-billed Tinamou,Crypturellus parvirostris,https://xeno-canto.org/427266/download,XC427266,4,/workspaces/Multimodedal-Bird-Intellegence-System/data/processed_spectrograms/XC427266.npy
Small-billed Tinamou,Crypturellus parvirostris,https://xeno-canto.org/415355/download,XC415355,4,/workspaces/Multimodedal-Bird-Intellegence-System/data/processed_spectrograms/XC415355.npy
Small-billed Tinamou,Crypturellus parvirostris,https://xeno-canto.org/415353/download,XC415353,4,/workspaces/Multimodedal-Bird-Intellegence-System/data/processed_spectrograms/XC415353.npy
Small-billed Tinamou,Crypturellus parvirostris,https://xeno-canto.org/415352/download,XC415352,4,/workspaces/Multimodedal-Bird-Intellegence-System/data/processed_spectrograms/XC415352.npy
Small-billed Tinamou,Crypturellus parvirostris,https://xeno-canto.org/221871/download,XC221871,4,/workspaces/Multimodedal-Bird-Intellegence-System/data/processed_spectrograms/XC221871.npy
Small-billed Tinamou,Crypturellus parvirostris,https://xeno-canto.org/108627/download,XC108627,4,/workspaces/Multimodedal-Bird-Intellegence-System/data/processed_spectrograms/XC108627.npy
Small-billed Tinamou,Crypturellus parvirostris,https://xeno-canto.org/36686/download,XC36686,4,/workspaces/Multimodedal-Bird-Intellegence-System/data/processed_spectrograms/XC36686.npy
Small-billed Tinamou,Crypturellus parvirostris,https://xeno-canto.org/23772/download,XC23772,4,/workspaces/Multimodedal-Bird-Intellegence-System/data/processed_spectrograms/XC23772.npy
Small-billed Tinamou,Crypturellus parvirostris,https://xeno-canto.org/23416/download,XC23416,4,/workspaces/Multimodedal-Bird-Intellegence-System/data/processed_spectrograms/XC23416.npy
Small-billed Tinamou,Crypturellus parvirostris,https://xeno-canto.org/1880/download,XC1880,4,/workspaces/Multimodedal-Bird-Intellegence-System/data/processed_spectrograms/XC1880.npy
Small-billed Tinamou,Crypturellus parvirostris,https://xeno-canto.org/755392/download,XC755392,4,/workspaces/Multimodedal-Bird-Intellegence-System/data/processed_spectrograms/XC755392.npy
Variegated Tinamou,Crypturellus variegatus,https://xeno-canto.org/456452/download,XC456452,5,/workspaces/Multimodedal-Bird-Intellegence-System/data/processed_spectrograms/XC456452.npy
Variegated Tinamou,Crypturellus variegatus,https://xeno-canto.org/427278/download,XC427278,5,/workspaces/Multimodedal-Bird-Intellegence-System/data/processed_spectrograms/XC427278.npy
Variegated Tinamou,Crypturellus variegatus,https://xeno-canto.org/272386/download,XC272386,5,/workspaces/Multimodedal-Bird-Intellegence-System/data/processed_spectrograms/XC272386.npy
Variegated Tinamou,Crypturellus variegatus,https://xeno-canto.org/257248/download,XC257248,5,/workspaces/Multimodedal-Bird-Intellegence-System/data/processed_spectrograms/XC257248.npy
Variegated Tinamou,Crypturellus variegatus,https://xeno-canto.org/257247/download,XC257247,5,/workspaces/Multimodedal-Bird-Intellegence-System/data/processed_spectrograms/XC257247.npy
Variegated Tinamou,Crypturellus variegatus,https://xeno-canto.org/250738/download,XC250738,5,/workspaces/Multimodedal-Bird-Intellegence-System/data/processed_spectrograms/XC250738.npy
Variegated Tinamou,Crypturellus variegatus,https://xeno-canto.org/238234/download,XC238234,5,/workspaces/Multimodedal-Bird-Intellegence-System/data/processed_spectrograms/XC238234.npy
Variegated Tinamou,Crypturellus variegatus,https://xeno-canto.org/171119/download,XC171119,5,/workspaces/Multimodedal-Bird-Intellegence-System/data/processed_spectrograms/XC171119.npy
Variegated Tinamou,Crypturellus variegatus,https://xeno-canto.org/171047/download,XC171047,5,/workspaces/Multimodedal-Bird-Intellegence-System/data/processed_spectrograms/XC171047.npy
Variegated Tinamou,Crypturellus variegatus,https://xeno-canto.org/129846/download,XC129846,5,/workspaces/Multimodedal-Bird-Intellegence-System/data/processed_spectrograms/XC129846.npy
Variegated Tinamou,Crypturellus variegatus,https://xeno-canto.org/129844/download,XC129844,5,/workspaces/Multimodedal-Bird-Intellegence-System/data/processed_spectrograms/XC129844.npy
Variegated Tinamou,Crypturellus variegatus,https://xeno-canto.org/90429/download,XC90429,5,/workspaces/Multimodedal-Bird-Intellegence-System/data/processed_spectrograms/XC90429.npy
Variegated Tinamou,Crypturellus variegatus,https://xeno-canto.org/760582/download,XC760582,5,/workspaces/Multimodedal-Bird-Intellegence-System/data/processed_spectrograms/XC760582.npy
Variegated Tinamou,Crypturellus variegatus,https://xeno-canto.org/524959/download,XC524959,5,/workspaces/Multimodedal-Bird-Intellegence-System/data/processed_spectrograms/XC524959.npy
Variegated Tinamou,Crypturellus variegatus,https://xeno-canto.org/483925/download,XC483925,5,/workspaces/Multimodedal-Bird-Intellegence-System/data/processed_spectrograms/XC483925.npy
Variegated Tinamou,Crypturellus variegatus,https://xeno-canto.org/430577/download,XC430577,5,/workspaces/Multimodedal-Bird-Intellegence-System/data/processed_spectrograms/XC430577.npy
Variegated Tinamou,Crypturellus variegatus,https://xeno-canto.org/427279/download,XC427279,5,/workspaces/Multimodedal-Bird-Intellegence-System/data/processed_spectrograms/XC427279.npy
Variegated Tinamou,Crypturellus variegatus,https://xeno-canto.org/422546/download,XC422546,5,/workspaces/Multimodedal-Bird-Intellegence-System/data/processed_spectrograms/XC422546.npy
Variegated Tinamou,Crypturellus variegatus,https://xeno-canto.org/422213/download,XC422213,5,/workspaces/Multimodedal-Bird-Intellegence-System/data/processed_spectrograms/XC422213.npy
Variegated Tinamou,Crypturellus variegatus,https://xeno-canto.org/421916/download,XC421916,5,/workspaces/Multimodedal-Bird-Intellegence-System/data/processed_spectrograms/XC421916.npy
Variegated Tinamou,Crypturellus variegatus,https://xeno-canto.org/221943/download,XC221943,5,/workspaces/Multimodedal-Bird-Intellegence-System/data/processed_spectrograms/XC221943.npy
Variegated Tinamou,Crypturellus variegatus,https://xeno-canto.org/221942/download,XC221942,5,/workspaces/Multimodedal-Bird-Intellegence-System/data/processed_spectrograms/XC221942.npy
Variegated Tinamou,Crypturellus variegatus,https://xeno-canto.org/221941/download,XC221941,5,/workspaces/Multimodedal-Bird-Intellegence-System/data/processed_spectrograms/XC221941.npy
Variegated Tinamou,Crypturellus variegatus,https://xeno-canto.org/188529/download,XC188529,5,/workspaces/Multimodedal-Bird-Intellegence-System/data/processed_spectrograms/XC188529.npy
Variegated Tinamou,Crypturellus variegatus,https://xeno-canto.org/171226/download,XC171226,5,/workspaces/Multimodedal-Bird-Intellegence-System/data/processed_spectrograms/XC171226.npy
Variegated Tinamou,Crypturellus variegatus,https://xeno-canto.org/167065/download,XC167065,5,/workspaces/Multimodedal-Bird-Intellegence-System/data/processed_spectrograms/XC167065.npy
Variegated Tinamou,Crypturellus variegatus,https://xeno-canto.org/157130/download,XC157130,5,/workspaces/Multimodedal-Bird-Intellegence-System/data/processed_spectrograms/XC157130.npy
Variegated Tinamou,Crypturellus variegatus,https://xeno-canto.org/129842/download,XC129842,5,/workspaces/Multimodedal-Bird-Intellegence-System/data/processed_spectrograms/XC129842.npy
Brazilian Tinamou,Crypturellus strigulosus,https://xeno-canto.org/524787/download,XC524787,6,/workspaces/Multimodedal-Bird-Intellegence-System/data/processed_spectrograms/XC524787.npy
Brazilian Tinamou,Crypturellus strigulosus,https://xeno-canto.org/521357/download,XC521357,6,/workspaces/Multimodedal-Bird-Intellegence-System/data/processed_spectrograms/XC521357.npy
Brazilian Tinamou,Crypturellus strigulosus,https://xeno-canto.org/686176/download,XC686176,6,/workspaces/Multimodedal-Bird-Intellegence-System/data/processed_spectrograms/XC686176.npy
Brazilian Tinamou,Crypturellus strigulosus,https://xeno-canto.org/643154/download,XC643154,6,/workspaces/Multimodedal-Bird-Intellegence-System/data/processed_spectrograms/XC643154.npy
Brazilian Tinamou,Crypturellus strigulosus,https://xeno-canto.org/606110/download,XC606110,6,/workspaces/Multimodedal-Bird-Intellegence-System/data/processed_spectrograms/XC606110.npy
Brazilian Tinamou,Crypturellus strigulosus,https://xeno-canto.org/534654/download,XC534654,6,/workspaces/Multimodedal-Bird-Intellegence-System/data/processed_spectrograms/XC534654.npy
Brazilian Tinamou,Crypturellus strigulosus,https://xeno-canto.org/493147/download,XC493147,6,/workspaces/Multimodedal-Bird-Intellegence-System/data/processed_spectrograms/XC493147.npy
Brazilian Tinamou,Crypturellus strigulosus,https://xeno-canto.org/493146/download,XC493146,6,/workspaces/Multimodedal-Bird-Intellegence-System/data/processed_spectrograms/XC493146.npy
Brazilian Tinamou,Crypturellus strigulosus,https://xeno-canto.org/427270/download,XC427270,6,/workspaces/Multimodedal-Bird-Intellegence-System/data/processed_spectrograms/XC427270.npy
Brazilian Tinamou,Crypturellus strigulosus,https://xeno-canto.org/395768/download,XC395768,6,/workspaces/Multimodedal-Bird-Intellegence-System/data/processed_spectrograms/XC395768.npy
Brazilian Tinamou,Crypturellus strigulosus,https://xeno-canto.org/377295/download,XC377295,6,/workspaces/Multimodedal-Bird-Intellegence-System/data/processed_spectrograms/XC377295.npy
Brazilian Tinamou,Crypturellus strigulosus,https://xeno-canto.org/377294/download,XC377294,6,/workspaces/Multimodedal-Bird-Intellegence-System/data/processed_spectrograms/XC377294.npy
Brazilian Tinamou,Crypturellus strigulosus,https://xeno-canto.org/323748/download,XC323748,6,/workspaces/Multimodedal-Bird-Intellegence-System/data/processed_spectrograms/XC323748.npy
Brazilian Tinamou,Crypturellus strigulosus,https://xeno-canto.org/312936/download,XC312936,6,/workspaces/Multimodedal-Bird-Intellegence-System/data/processed_spectrograms/XC312936.npy
Brazilian Tinamou,Crypturellus strigulosus,https://xeno-canto.org/312931/download,XC312931,6,/workspaces/Multimodedal-Bird-Intellegence-System/data/processed_spectrograms/XC312931.npy
Brazilian Tinamou,Crypturellus strigulosus,https://xeno-canto.org/303310/download,XC303310,6,/workspaces/Multimodedal-Bird-Intellegence-System/data/processed_spectrograms/XC303310.npy
Brazilian Tinamou,Crypturellus strigulosus,https://xeno-canto.org/221915/download,XC221915,6,/workspaces/Multimodedal-Bird-Intellegence-System/data/processed_spectrograms/XC221915.npy
Brazilian Tinamou,Crypturellus strigulosus,https://xeno-canto.org/221914/download,XC221914,6,/workspaces/Multimodedal-Bird-Intellegence-System/data/processed_spectrograms/XC221914.npy
Brazilian Tinamou,Crypturellus strigulosus,https://xeno-canto.org/217873/download,XC217873,6,/workspaces/Multimodedal-Bird-Intellegence-System/data/processed_spectrograms/XC217873.npy
Brazilian Tinamou,Crypturellus strigulosus,https://xeno-canto.org/212971/download,XC212971,6,/workspaces/Multimodedal-Bird-Intellegence-System/data/processed_spectrograms/XC212971.npy
Brazilian Tinamou,Crypturellus strigulosus,https://xeno-canto.org/171248/download,XC171248,6,/workspaces/Multimodedal-Bird-Intellegence-System/data/processed_spectrograms/XC171248.npy
Brazilian Tinamou,Crypturellus strigulosus,https://xeno-canto.org/155449/download,XC155449,6,/workspaces/Multimodedal-Bird-Intellegence-System/data/processed_spectrograms/XC155449.npy
Brazilian Tinamou,Crypturellus strigulosus,https://xeno-canto.org/122585/download,XC122585,6,/workspaces/Multimodedal-Bird-Intellegence-System/data/processed_spectrograms/XC122585.npy
Brazilian Tinamou,Crypturellus strigulosus,https://xeno-canto.org/108671/download,XC108671,6,/workspaces/Multimodedal-Bird-Intellegence-System/data/processed_spectrograms/XC108671.npy
Brazilian Tinamou,Crypturellus strigulosus,https://xeno-canto.org/85054/download,XC85054,6,/workspaces/Multimodedal-Bird-Intellegence-System/data/processed_spectrograms/XC85054.npy
Brazilian Tinamou,Crypturellus strigulosus,https://xeno-canto.org/85053/download,XC85053,6,/workspaces/Multimodedal-Bird-Intellegence-System/data/processed_spectrograms/XC85053.npy
Brazilian Tinamou,Crypturellus strigulosus,https://xeno-canto.org/60790/download,XC60790,6,/workspaces/Multimodedal-Bird-Intellegence-System/data/processed_spectrograms/XC60790.npy
Brazilian Tinamou,Crypturellus strigulosus,https://xeno-canto.org/23790/download,XC23790,6,/workspaces/Multimodedal-Bird-Intellegence-System/data/processed_spectrograms/XC23790.npy
Brazilian Tinamou,Crypturellus strigulosus,https://xeno-canto.org/23778/download,XC23778,6,/workspaces/Multimodedal-Bird-Intellegence-System/data/processed_spectrograms/XC23778.npy
Brazilian Tinamou,Crypturellus strigulosus,https://xeno-canto.org/12059/download,XC12059,6,/workspaces/Multimodedal-Bird-Intellegence-System/data/processed_spectrograms/XC12059.npy
Pale-browed Tinamou,Crypturellus transfasciatus,https://xeno-canto.org/594846/download,XC594846,7,/workspaces/Multimodedal-Bird-Intellegence-System/data/processed_spectrograms/XC594846.npy
Pale-browed Tinamou,Crypturellus transfasciatus,https://xeno-canto.org/593900/download,XC593900,7,/workspaces/Multimodedal-Bird-Intellegence-System/data/processed_spectrograms/XC593900.npy
Pale-browed Tinamou,Crypturellus transfasciatus,https://xeno-canto.org/593899/download,XC593899,7,/workspaces/Multimodedal-Bird-Intellegence-System/data/processed_spectrograms/XC593899.npy
Pale-browed Tinamou,Crypturellus transfasciatus,https://xeno-canto.org/593889/download,XC593889,7,/workspaces/Multimodedal-Bird-Intellegence-System/data/processed_spectrograms/XC593889.npy
Pale-browed Tinamou,Crypturellus transfasciatus,https://xeno-canto.org/593855/download,XC593855,7,/workspaces/Multimodedal-Bird-Intellegence-System/data/processed_spectrograms/XC593855.npy
Pale-browed Tinamou,Crypturellus transfasciatus,https://xeno-canto.org/593853/download,XC593853,7,/workspaces/Multimodedal-Bird-Intellegence-System/data/processed_spectrograms/XC593853.npy
Pale-browed Tinamou,Crypturellus transfasciatus,https://xeno-canto.org/512768/download,XC512768,7,/workspaces/Multimodedal-Bird-Intellegence-System/data/processed_spectrograms/XC512768.npy
Pale-browed Tinamou,Crypturellus transfasciatus,https://xeno-canto.org/301719/download,XC301719,7,/workspaces/Multimodedal-Bird-Intellegence-System/data/processed_spectrograms/XC301719.npy
Pale-browed Tinamou,Crypturellus transfasciatus,https://xeno-canto.org/297070/download,XC297070,7,/workspaces/Multimodedal-Bird-Intellegence-System/data/processed_spectrograms/XC297070.npy
Pale-browed Tinamou,Crypturellus transfasciatus,https://xeno-canto.org/297069/download,XC297069,7,/workspaces/Multimodedal-Bird-Intellegence-System/data/processed_spectrograms/XC297069.npy
Pale-browed Tinamou,Crypturellus transfasciatus,https://xeno-canto.org/269782/download,XC269782,7,/workspaces/Multimodedal-Bird-Intellegence-System/data/processed_spectrograms/XC269782.npy
Pale-browed Tinamou,Crypturellus transfasciatus,https://xeno-canto.org/257251/download,XC257251,7,/workspaces/Multimodedal-Bird-Intellegence-System/data/processed_spectrograms/XC257251.npy
Pale-browed Tinamou,Crypturellus transfasciatus,https://xeno-canto.org/217126/download,XC217126,7,/workspaces/Multimodedal-Bird-Intellegence-System/data/processed_spectrograms/XC217126.npy
Pale-browed Tinamou,Crypturellus transfasciatus,https://xeno-canto.org/210959/download,XC210959,7,/workspaces/Multimodedal-Bird-Intellegence-System/data/processed_spectrograms/XC210959.npy
Pale-browed Tinamou,Crypturellus transfasciatus,https://xeno-canto.org/144744/download,XC144744,7,/workspaces/Multimodedal-Bird-Intellegence-System/data/processed_spectrograms/XC144744.npy
Pale-browed Tinamou,Crypturellus transfasciatus,https://xeno-canto.org/17304/download,XC17304,7,/workspaces/Multimodedal-Bird-Intellegence-System/data/processed_spectrograms/XC17304.npy
Pale-browed Tinamou,Crypturellus transfasciatus,https://xeno-canto.org/9643/download,XC9643,7,/workspaces/Multimodedal-Bird-Intellegence-System/data/processed_spectrograms/XC9643.npy
Pale-browed Tinamou,Crypturellus transfasciatus,https://xeno-canto.org/6906/download,XC6906,7,/workspaces/Multimodedal-Bird-Intellegence-System/data/processed_spectrograms/XC6906.npy
Pale-browed Tinamou,Crypturellus transfasciatus,https://xeno-canto.org/446766/download,XC446766,7,/workspaces/Multimodedal-Bird-Intellegence-System/data/processed_spectrograms/XC446766.npy
Pale-browed Tinamou,Crypturellus transfasciatus,https://xeno-canto.org/351593/download,XC351593,7,/workspaces/Multimodedal-Bird-Intellegence-System/data/processed_spectrograms/XC351593.npy
Pale-browed Tinamou,Crypturellus transfasciatus,https://xeno-canto.org/238232/download,XC238232,7,/workspaces/Multimodedal-Bird-Intellegence-System/data/processed_spectrograms/XC238232.npy
Pale-browed Tinamou,Crypturellus transfasciatus,https://xeno-canto.org/238231/download,XC238231,7,/workspaces/Multimodedal-Bird-Intellegence-System/data/processed_spectrograms/XC238231.npy
Pale-browed Tinamou,Crypturellus transfasciatus,https://xeno-canto.org/217097/download,XC217097,7,/workspaces/Multimodedal-Bird-Intellegence-System/data/processed_spectrograms/XC217097.npy
Pale-browed Tinamou,Crypturellus transfasciatus,https://xeno-canto.org/68057/download,XC68057,7,/workspaces/Multimodedal-Bird-Intellegence-System/data/processed_spectrograms/XC68057.npy
Pale-browed Tinamou,Crypturellus transfasciatus,https://xeno-canto.org/66114/download,XC66114,7,/workspaces/Multimodedal-Bird-Intellegence-System/data/processed_spectrograms/XC66114.npy
Pale-browed Tinamou,Crypturellus transfasciatus,https://xeno-canto.org/32558/download,XC32558,7,/workspaces/Multimodedal-Bird-Intellegence-System/data/processed_spectrograms/XC32558.npy
Pale-browed Tinamou,Crypturellus transfasciatus,https://xeno-canto.org/9786/download,XC9786,7,/workspaces/Multimodedal-Bird-Intellegence-System/data/processed_spectrograms/XC9786.npy
Pale-browed Tinamou,Crypturellus transfasciatus,https://xeno-canto.org/9785/download,XC9785,7,/workspaces/Multimodedal-Bird-Intellegence-System/data/processed_spectrograms/XC9785.npy
Pale-browed Tinamou,Crypturellus transfasciatus,https://xeno-canto.org/9784/download,XC9784,7,/workspaces/Multimodedal-Bird-Intellegence-System/data/processed_spectrograms/XC9784.npy
Pale-browed Tinamou,Crypturellus transfasciatus,https://xeno-canto.org/355601/download,XC355601,7,/workspaces/Multimodedal-Bird-Intellegence-System/data/processed_spectrograms/XC355601.npy
Colombian Chachalaca,Ortalis columbiana,https://xeno-canto.org/568489/download,XC568489,8,/workspaces/Multimodedal-Bird-Intellegence-System/data/processed_spectrograms/XC568489.npy
Colombian Chachalaca,Ortalis columbiana,https://xeno-canto.org/567462/download,XC567462,8,/workspaces/Multimodedal-Bird-Intellegence-System/data/processed_spectrograms/XC567462.npy
Colombian Chachalaca,Ortalis columbiana,https://xeno-canto.org/540014/download,XC540014,8,/workspaces/Multimodedal-Bird-Intellegence-System/data/processed_spectrograms/XC540014.npy
Colombian Chachalaca,Ortalis columbiana,https://xeno-canto.org/537091/download,XC537091,8,/workspaces/Multimodedal-Bird-Intellegence-System/data/processed_spectrograms/XC537091.npy
Colombian Chachalaca,Ortalis columbiana,https://xeno-canto.org/534013/download,XC534013,8,/workspaces/Multimodedal-Bird-Intellegence-System/data/processed_spectrograms/XC534013.npy
Colombian Chachalaca,Ortalis columbiana,https://xeno-canto.org/534012/download,XC534012,8,/workspaces/Multimodedal-Bird-Intellegence-System/data/processed_spectrograms/XC534012.npy
Colombian Chachalaca,Ortalis columbiana,https://xeno-canto.org/442220/download,XC442220,8,/workspaces/Multimodedal-Bird-Intellegence-System/data/processed_spectrograms/XC442220.npy
Colombian Chachalaca,Ortalis columbiana,https://xeno-canto.org/428289/download,XC428289,8,/workspaces/Multimodedal-Bird-Intellegence-System/data/processed_spectrograms/XC428289.npy
Colombian Chachalaca,Ortalis columbiana,https://xeno-canto.org/425507/download,XC425507,8,/workspaces/Multimodedal-Bird-Intellegence-System/data/processed_spectrograms/XC425507.npy
Colombian Chachalaca,Ortalis columbiana,https://xeno-canto.org/390003/download,XC390003,8,/workspaces/Multimodedal-Bird-Intellegence-System/data/processed_spectrograms/XC390003.npy
Colombian Chachalaca,Ortalis columbiana,https://xeno-canto.org/389890/download,XC389890,8,/workspaces/Multimodedal-Bird-Intellegence-System/data/processed_spectrograms/XC389890.npy
Colombian Chachalaca,Ortalis columbiana,https://xeno-canto.org/377258/download,XC377258,8,/workspaces/Multimodedal-Bird-Intellegence-System/data/processed_spectrograms/XC377258.npy
Colombian Chachalaca,Ortalis columbiana,https://xeno-canto.org/310069/download,XC310069,8,/workspaces/Multimodedal-Bird-Intellegence-System/data/processed_spectrograms/XC310069.npy
Colombian Chachalaca,Ortalis columbiana,https://xeno-canto.org/310052/download,XC310052,8,/workspaces/Multimodedal-Bird-Intellegence-System/data/processed_spectrograms/XC310052.npy
Colombian Chachalaca,Ortalis columbiana,https://xeno-canto.org/172435/download,XC172435,8,/workspaces/Multimodedal-Bird-Intellegence-System/data/processed_spectrograms/XC172435.npy
Colombian Chachalaca,Ortalis columbiana,https://xeno-canto.org/167584/download,XC167584,8,/workspaces/Multimodedal-Bird-Intellegence-System/data/processed_spectrograms/XC167584.npy
Colombian Chachalaca,Ortalis columbiana,https://xeno-canto.org/738014/download,XC738014,8,/workspaces/Multimodedal-Bird-Intellegence-System/data/processed_spectrograms/XC738014.npy
Colombian Chachalaca,Ortalis columbiana,https://xeno-canto.org/716443/download,XC716443,8,/workspaces/Multimodedal-Bird-Intellegence-System/data/processed_spectrograms/XC716443.npy
Colombian Chachalaca,Ortalis columbiana,https://xeno-canto.org/693729/download,XC693729,8,/workspaces/Multimodedal-Bird-Intellegence-System/data/processed_spectrograms/XC693729.npy
Colombian Chachalaca,Ortalis columbiana,https://xeno-canto.org/693728/download,XC693728,8,/workspaces/Multimodedal-Bird-Intellegence-System/data/processed_spectrograms/XC693728.npy
Colombian Chachalaca,Ortalis columbiana,https://xeno-canto.org/689291/download,XC689291,8,/workspaces/Multimodedal-Bird-Intellegence-System/data/processed_spectrograms/XC689291.npy
Colombian Chachalaca,Ortalis columbiana,https://xeno-canto.org/673562/download,XC673562,8,/workspaces/Multimodedal-Bird-Intellegence-System/data/processed_spectrograms/XC673562.npy
Colombian Chachalaca,Ortalis columbiana,https://xeno-canto.org/629918/download,XC629918,8,/workspaces/Multimodedal-Bird-Intellegence-System/data/processed_spectrograms/XC629918.npy
Colombian Chachalaca,Ortalis columbiana,https://xeno-canto.org/598131/download,XC598131,8,/workspaces/Multimodedal-Bird-Intellegence-System/data/processed_spectrograms/XC598131.npy
Colombian Chachalaca,Ortalis columbiana,https://xeno-canto.org/589613/download,XC589613,8,/workspaces/Multimodedal-Bird-Intellegence-System/data/processed_spectrograms/XC589613.npy
Colombian Chachalaca,Ortalis columbiana,https://xeno-canto.org/589612/download,XC589612,8,/workspaces/Multimodedal-Bird-Intellegence-System/data/processed_spectrograms/XC589612.npy
Colombian Chachalaca,Ortalis columbiana,https://xeno-canto.org/589611/download,XC589611,8,/workspaces/Multimodedal-Bird-Intellegence-System/data/processed_spectrograms/XC589611.npy
Colombian Chachalaca,Ortalis columbiana,https://xeno-canto.org/589610/download,XC589610,8,/workspaces/Multimodedal-Bird-Intellegence-System/data/processed_spectrograms/XC589610.npy
Colombian Chachalaca,Ortalis columbiana,https://xeno-canto.org/580749/download,XC580749,8,/workspaces/Multimodedal-Bird-Intellegence-System/data/processed_spectrograms/XC580749.npy
Dwarf Tinamou,Taoniscus nanus,https://xeno-canto.org/350171/download,XC350171,9,/workspaces/Multimodedal-Bird-Intellegence-System/data/processed_spectrograms/XC350171.npy
Dwarf Tinamou,Taoniscus nanus,https://xeno-canto.org/279068/download,XC279068,9,/workspaces/Multimodedal-Bird-Intellegence-System/data/processed_spectrograms/XC279068.npy
Dwarf Tinamou,Taoniscus nanus,https://xeno-canto.org/156576/download,XC156576,9,/workspaces/Multimodedal-Bird-Intellegence-System/data/processed_spectrograms/XC156576.npy
Dwarf Tinamou,Taoniscus nanus,https://xeno-canto.org/53420/download,XC53420,9,/workspaces/Multimodedal-Bird-Intellegence-System/data/processed_spectrograms/XC53420.npy
Dwarf Tinamou,Taoniscus nanus,https://xeno-canto.org/39083/download,XC39083,9,/workspaces/Multimodedal-Bird-Intellegence-System/data/processed_spectrograms/XC39083.npy
Dwarf Tinamou,Taoniscus nanus,https://xeno-canto.org/39081/download,XC39081,9,/workspaces/Multimodedal-Bird-Intellegence-System/data/processed_spectrograms/XC39081.npy
Dwarf Tinamou,Taoniscus nanus,https://xeno-canto.org/26017/download,XC26017,9,/workspaces/Multimodedal-Bird-Intellegence-System/data/processed_spectrograms/XC26017.npy
Dwarf Tinamou,Taoniscus nanus,https://xeno-canto.org/23589/download,XC23589,9,/workspaces/Multimodedal-Bird-Intellegence-System/data/processed_spectrograms/XC23589.npy
Dwarf Tinamou,Taoniscus nanus,https://xeno-canto.org/11335/download,XC11335,9,/workspaces/Multimodedal-Bird-Intellegence-System/data/processed_spectrograms/XC11335.npy
Dwarf Tinamou,Taoniscus nanus,https://xeno-canto.org/600436/download,XC600436,9,/workspaces/Multimodedal-Bird-Intellegence-System/data/processed_spectrograms/XC600436.npy
Dwarf Tinamou,Taoniscus nanus,https://xeno-canto.org/287862/download,XC287862,9,/workspaces/Multimodedal-Bird-Intellegence-System/data/processed_spectrograms/XC287862.npy
Dwarf Tinamou,Taoniscus nanus,https://xeno-canto.org/158713/download,XC158713,9,/workspaces/Multimodedal-Bird-Intellegence-System/data/processed_spectrograms/XC158713.npy
Dwarf Tinamou,Taoniscus nanus,https://xeno-canto.org/144885/download,XC144885,9,/workspaces/Multimodedal-Bird-Intellegence-System/data/processed_spectrograms/XC144885.npy
Dwarf Tinamou,Taoniscus nanus,https://xeno-canto.org/93482/download,XC93482,9,/workspaces/Multimodedal-Bird-Intellegence-System/data/processed_spectrograms/XC93482.npy
Dwarf Tinamou,Taoniscus nanus,https://xeno-canto.org/39082/download,XC39082,9,/workspaces/Multimodedal-Bird-Intellegence-System/data/processed_spectrograms/XC39082.npy
Dwarf Tinamou,Taoniscus nanus,https://xeno-canto.org/38749/download,XC38749,9,/workspaces/Multimodedal-Bird-Intellegence-System/data/processed_spectrograms/XC38749.npy
Dwarf Tinamou,Taoniscus nanus,https://xeno-canto.org/38748/download,XC38748,9,/workspaces/Multimodedal-Bird-Intellegence-System/data/processed_spectrograms/XC38748.npy
Dwarf Tinamou,Taoniscus nanus,https://xeno-canto.org/38747/download,XC38747,9,/workspaces/Multimodedal-Bird-Intellegence-System/data/processed_spectrograms/XC38747.npy
Dwarf Tinamou,Taoniscus nanus,https://xeno-canto.org/37221/download,XC37221,9,/workspaces/Multimodedal-Bird-Intellegence-System/data/processed_spectrograms/XC37221.npy
Dwarf Tinamou,Taoniscus nanus,https://xeno-canto.org/37220/download,XC37220,9,/workspaces/Multimodedal-Bird-Intellegence-System/data/processed_spectrograms/XC37220.npy
Dwarf Tinamou,Taoniscus nanus,https://xeno-canto.org/28237/download,XC28237,9,/workspaces/Multimodedal-Bird-Intellegence-System/data/processed_spectrograms/XC28237.npy
Dwarf Tinamou,Taoniscus nanus,https://xeno-canto.org/25939/download,XC25939,9,/workspaces/Multimodedal-Bird-Intellegence-System/data/processed_spectrograms/XC25939.npy
Dwarf Tinamou,Taoniscus nanus,https://xeno-canto.org/23840/download,XC23840,9,/workspaces/Multimodedal-Bird-Intellegence-System/data/processed_spectrograms/XC23840.npy
Dwarf Tinamou,Taoniscus nanus,https://xeno-canto.org/23834/download,XC23834,9,/workspaces/Multimodedal-Bird-Intellegence-System/data/processed_spectrograms/XC23834.npy
Dwarf Tinamou,Taoniscus nanus,https://xeno-canto.org/304919/download,XC304919,9,/workspaces/Multimodedal-Bird-Intellegence-System/data/processed_spectrograms/XC304919.npy
Dwarf Tinamou,Taoniscus nanus,https://xeno-canto.org/304756/download,XC304756,9,/workspaces/Multimodedal-Bird-Intellegence-System/data/processed_spectrograms/XC304756.npy
Dwarf Tinamou,Taoniscus nanus,https://xeno-canto.org/304650/download,XC304650,9,/workspaces/Multimodedal-Bird-Intellegence-System/data/processed_spectrograms/XC304650.npy
Dwarf Tinamou,Taoniscus nanus,https://xeno-canto.org/288692/download,XC288692,9,/workspaces/Multimodedal-Bird-Intellegence-System/data/processed_spectrograms/XC288692.npy
Dwarf Tinamou,Taoniscus nanus,https://xeno-canto.org/287863/download,XC287863,9,/workspaces/Multimodedal-Bird-Intellegence-System/data/processed_spectrograms/XC287863.npy
